seed,task,context,model,sampler,kl,tv,invalid_rate,sampled_invalid_rate,edge_precision,edge_recall,edge_f1,predicted_edges,true_edges
1,ambiguous_pairs,0,factorized,independent_marginals,0.6931874642758976,0.49997985854771276,0.49997985854771276,0.49960000000000004,0.0,0.0,0.0,[],"[[0, 1]]"
1,ambiguous_pairs,0,parameter_matched_independent,independent_marginals,0.6931874642758976,0.49997985854771276,0.49997985854771276,0.50415,0.0,0.0,0.0,[],"[[0, 1]]"
1,ambiguous_pairs,0,natural_chain,ancestral_joint,0.0001421898229778673,0.003234073712472613,0.0001220405174517942,0.00014999999999998348,1.0,1.0,1.0,"[[0, 1]]","[[0, 1]]"
1,ambiguous_pairs,0,static_forest,ancestral_joint,0.0001421898229778673,0.003234073712472613,0.0001220405174517942,9.999999999998899e-05,1.0,1.0,1.0,"[[0, 1]]","[[0, 1]]"
1,ambiguous_pairs,0,fixed_topology_dynamic_factors,ancestral_joint,0.0001421898229778673,0.003234073712472613,0.0001220405174517942,9.999999999998899e-05,1.0,1.0,1.0,"[[0, 1]]","[[0, 1]]"
1,ambiguous_pairs,0,dynamic_topology_fixed_factors,ancestral_joint,0.00014219965566680814,0.003234848194035688,0.00012204051625180766,0.0,1.0,1.0,1.0,"[[0, 1]]","[[0, 1]]"
1,ambiguous_pairs,0,contextual_forest,ancestral_joint,0.0001421898229778673,0.003234073712472613,0.0001220405174517942,0.00014999999999998348,1.0,1.0,1.0,"[[0, 1]]","[[0, 1]]"
1,markov_025,0,factorized,independent_marginals,0.4182584451987019,0.35717193561984584,0.0,0.0,0.0,0.0,0.0,[],"[[0, 1], [1, 2], [2, 3], [3, 4], [4, 5]]"
1,markov_025,0,parameter_matched_independent,independent_marginals,0.4182584451987019,0.35717193561984584,0.0,0.0,0.0,0.0,0.0,[],"[[0, 1], [1, 2], [2, 3], [3, 4], [4, 5]]"
1,markov_025,0,natural_chain,ancestral_joint,0.006431099992040381,0.045686250582416044,0.0,0.0,1.0,1.0,1.0,"[[0, 1], [1, 2], [2, 3], [3, 4], [4, 5]]","[[0, 1], [1, 2], [2, 3], [3, 4], [4, 5]]"
1,markov_025,0,static_forest,ancestral_joint,0.006431099992040381,0.045686250582416044,0.0,0.0,1.0,1.0,1.0,"[[0, 1], [1, 2], [2, 3], [3, 4], [4, 5]]","[[0, 1], [1, 2], [2, 3], [3, 4], [4, 5]]"
1,markov_025,0,fixed_topology_dynamic_factors,ancestral_joint,0.006431099992040381,0.045686250582416044,0.0,0.0,1.0,1.0,1.0,"[[0, 1], [1, 2], [2, 3], [3, 4], [4, 5]]","[[0, 1], [1, 2], [2, 3], [3, 4], [4, 5]]"
1,markov_025,0,dynamic_topology_fixed_factors,ancestral_joint,0.003168762683887767,0.03201666948937048,0.0,0.0,1.0,1.0,1.0,"[[0, 1], [1, 2], [2, 3], [3, 4], [4, 5]]","[[0, 1], [1, 2], [2, 3], [3, 4], [4, 5]]"
1,markov_025,0,contextual_forest,ancestral_joint,0.006431099992040381,0.045686250582416044,0.0,0.0,1.0,1.0,1.0,"[[0, 1], [1, 2], [2, 3], [3, 4], [4, 5]]","[[0, 1], [1, 2], [2, 3], [3, 4], [4, 5]]"
1,markov_050,0,factorized,independent_marginals,1.5645857113055712,0.6212390573999583,0.0,0.0,0.0,0.0,0.0,[],"[[0, 1], [1, 2], [2, 3], [3, 4], [4, 5]]"
1,markov_050,0,parameter_matched_independent,independent_marginals,1.5645857113055712,0.6212390573999583,0.0,0.0,0.0,0.0,0.0,[],"[[0, 1], [1, 2], [2, 3], [3, 4], [4, 5]]"
1,markov_050,0,natural_chain,ancestral_joint,0.004563927809450486,0.036784784980298704,0.0,0.0,1.0,1.0,1.0,"[[0, 1], [1, 2], [2, 3], [3, 4], [4, 5]]","[[0, 1], [1, 2], [2, 3], [3, 4], [4, 5]]"
1,markov_050,0,static_forest,ancestral_joint,0.004563927809450486,0.036784784980298704,0.0,0.0,1.0,1.0,1.0,"[[0, 1], [1, 2], [2, 3], [3, 4], [4, 5]]","[[0, 1], [1, 2], [2, 3], [3, 4], [4, 5]]"
1,markov_050,0,fixed_topology_dynamic_factors,ancestral_joint,0.004563927809450486,0.036784784980298704,0.0,0.0,1.0,1.0,1.0,"[[0, 1], [1, 2], [2, 3], [3, 4], [4, 5]]","[[0, 1], [1, 2], [2, 3], [3, 4], [4, 5]]"
1,markov_050,0,dynamic_topology_fixed_factors,ancestral_joint,0.0011857762674706875,0.019370984426568674,0.0,0.0,1.0,1.0,1.0,"[[0, 1], [1, 2], [2, 3], [3, 4], [4, 5]]","[[0, 1], [1, 2], [2, 3], [3, 4], [4, 5]]"
1,markov_050,0,contextual_forest,ancestral_joint,0.004563927809450486,0.036784784980298704,0.0,0.0,1.0,1.0,1.0,"[[0, 1], [1, 2], [2, 3], [3, 4], [4, 5]]","[[0, 1], [1, 2], [2, 3], [3, 4], [4, 5]]"
1,markov_075,0,factorized,independent_marginals,3.4898446163774635,0.8476140962408523,0.0,0.0,0.0,0.0,0.0,[],"[[0, 1], [1, 2], [2, 3], [3, 4], [4, 5]]"
1,markov_075,0,parameter_matched_independent,independent_marginals,3.4898446163774635,0.8476140962408523,0.0,0.0,0.0,0.0,0.0,[],"[[0, 1], [1, 2], [2, 3], [3, 4], [4, 5]]"
1,markov_075,0,natural_chain,ancestral_joint,0.004134413387368566,0.03251372785307876,0.0,0.0,1.0,1.0,1.0,"[[0, 1], [1, 2], [2, 3], [3, 4], [4, 5]]","[[0, 1], [1, 2], [2, 3], [3, 4], [4, 5]]"
1,markov_075,0,static_forest,ancestral_joint,0.004134413387368566,0.03251372785307876,0.0,0.0,1.0,1.0,1.0,"[[0, 1], [1, 2], [2, 3], [3, 4], [4, 5]]","[[0, 1], [1, 2], [2, 3], [3, 4], [4, 5]]"
1,markov_075,0,fixed_topology_dynamic_factors,ancestral_joint,0.004134413387368566,0.03251372785307876,0.0,0.0,1.0,1.0,1.0,"[[0, 1], [1, 2], [2, 3], [3, 4], [4, 5]]","[[0, 1], [1, 2], [2, 3], [3, 4], [4, 5]]"
1,markov_075,0,dynamic_topology_fixed_factors,ancestral_joint,0.0017419869671610275,0.021297677655812412,0.0,0.0,1.0,1.0,1.0,"[[0, 1], [1, 2], [2, 3], [3, 4], [4, 5]]","[[0, 1], [1, 2], [2, 3], [3, 4], [4, 5]]"
1,markov_075,0,contextual_forest,ancestral_joint,0.004134413387368566,0.03251372785307876,0.0,0.0,1.0,1.0,1.0,"[[0, 1], [1, 2], [2, 3], [3, 4], [4, 5]]","[[0, 1], [1, 2], [2, 3], [3, 4], [4, 5]]"
1,markov_090,0,factorized,independent_marginals,5.18921529423092,0.9360485401841661,0.0,0.0,0.0,0.0,0.0,[],"[[0, 1], [1, 2], [2, 3], [3, 4], [4, 5]]"
1,markov_090,0,parameter_matched_independent,independent_marginals,5.18921529423092,0.9360485401841661,0.0,0.0,0.0,0.0,0.0,[],"[[0, 1], [1, 2], [2, 3], [3, 4], [4, 5]]"
1,markov_090,0,natural_chain,ancestral_joint,0.00993408716262522,0.03746782781606886,0.0,0.0,1.0,1.0,1.0,"[[0, 1], [1, 2], [2, 3], [3, 4], [4, 5]]","[[0, 1], [1, 2], [2, 3], [3, 4], [4, 5]]"
1,markov_090,0,static_forest,ancestral_joint,0.00993408716262522,0.03746782781606886,0.0,0.0,1.0,1.0,1.0,"[[0, 1], [1, 2], [2, 3], [3, 4], [4, 5]]","[[0, 1], [1, 2], [2, 3], [3, 4], [4, 5]]"
1,markov_090,0,fixed_topology_dynamic_factors,ancestral_joint,0.00993408716262522,0.03746782781606886,0.0,0.0,1.0,1.0,1.0,"[[0, 1], [1, 2], [2, 3], [3, 4], [4, 5]]","[[0, 1], [1, 2], [2, 3], [3, 4], [4, 5]]"
1,markov_090,0,dynamic_topology_fixed_factors,ancestral_joint,0.0014499724276962759,0.015950633784010446,0.0,0.0,1.0,1.0,1.0,"[[0, 1], [1, 2], [2, 3], [3, 4], [4, 5]]","[[0, 1], [1, 2], [2, 3], [3, 4], [4, 5]]"
1,markov_090,0,contextual_forest,ancestral_joint,0.00993408716262522,0.03746782781606886,0.0,0.0,1.0,1.0,1.0,"[[0, 1], [1, 2], [2, 3], [3, 4], [4, 5]]","[[0, 1], [1, 2], [2, 3], [3, 4], [4, 5]]"
1,context_switching_matching,0,factorized,independent_marginals,4.159596050159983,0.9843637980061865,0.9843637980061866,0.9863,0.0,0.0,0.0,[],"[[0, 1], [2, 3], [4, 5]]"
1,context_switching_matching,0,parameter_matched_independent,independent_marginals,4.159596050159983,0.9843637980061865,0.9843637980061866,0.9843,0.0,0.0,0.0,[],"[[0, 1], [2, 3], [4, 5]]"
1,context_switching_matching,0,natural_chain,ancestral_joint,1.3887197158590063,0.7502374628467976,0.7502374628467976,0.74655,0.6666666666666666,0.6666666666666666,0.6666666666666666,"[[0, 1], [1, 2], [2, 3]]","[[0, 1], [2, 3], [4, 5]]"
1,context_switching_matching,0,static_forest,ancestral_joint,4.551272147597719,0.9791485817540886,0.9791485817540887,0.9797,0.0,0.0,0.0,"[[0, 2], [0, 3], [1, 4]]","[[0, 1], [2, 3], [4, 5]]"
1,context_switching_matching,0,fixed_topology_dynamic_factors,ancestral_joint,2.776245141520037,0.9373782432098748,0.9373782432098747,0.93895,0.3333333333333333,0.3333333333333333,0.3333333333333333,"[[2, 4], [3, 5], [4, 5]]","[[0, 1], [2, 3], [4, 5]]"
1,context_switching_matching,0,dynamic_topology_fixed_factors,ancestral_joint,0.0013616078035658674,0.019103191598388247,0.00024404553016406868,9.999999999998899e-05,1.0,1.0,1.0,"[[0, 1], [2, 3], [4, 5]]","[[0, 1], [2, 3], [4, 5]]"
1,context_switching_matching,0,contextual_forest,ancestral_joint,0.0025524088367400444,0.012280879946786746,0.0021935161561788146,0.0027000000000000357,1.0,1.0,1.0,"[[0, 1], [2, 3], [4, 5]]","[[0, 1], [2, 3], [4, 5]]"
1,context_switching_matching,1,factorized,independent_marginals,4.1617650729758235,0.984329988505846,0.9843299885058459,0.98525,0.0,0.0,0.0,[],"[[0, 2], [1, 4], [3, 5]]"
1,context_switching_matching,1,parameter_matched_independent,independent_marginals,4.1617650729758235,0.984329988505846,0.9843299885058459,0.98545,0.0,0.0,0.0,[],"[[0, 2], [1, 4], [3, 5]]"
1,context_switching_matching,1,natural_chain,ancestral_joint,4.164157194227261,0.9842973994739811,0.984297399473981,0.98435,0.0,0.0,0.0,"[[0, 1], [1, 2], [2, 3]]","[[0, 2], [1, 4], [3, 5]]"
1,context_switching_matching,1,static_forest,ancestral_joint,2.908496757029408,0.9377200402618759,0.9377200402618759,0.93665,0.6666666666666666,0.6666666666666666,0.6666666666666666,"[[0, 2], [0, 3], [1, 4]]","[[0, 2], [1, 4], [3, 5]]"
1,context_switching_matching,1,fixed_topology_dynamic_factors,ancestral_joint,2.7781911558371406,0.9373913282157373,0.9373913282157372,0.938,0.3333333333333333,0.3333333333333333,0.3333333333333333,"[[2, 4], [3, 5], [4, 5]]","[[0, 2], [1, 4], [3, 5]]"
1,context_switching_matching,1,dynamic_topology_fixed_factors,ancestral_joint,0.005381953788567283,0.04193495838305321,0.00024381875817940815,4.999999999999449e-05,1.0,1.0,1.0,"[[0, 2], [1, 4], [3, 5]]","[[0, 2], [1, 4], [3, 5]]"
1,context_switching_matching,1,contextual_forest,ancestral_joint,0.0036369202446596832,0.023024677853538986,0.002193516156178816,0.0022999999999999687,1.0,1.0,1.0,"[[0, 2], [1, 4], [3, 5]]","[[0, 2], [1, 4], [3, 5]]"
1,context_switching_matching,2,factorized,independent_marginals,4.160153791449972,0.9843549377404044,0.9843549377404044,0.9855,0.0,0.0,0.0,[],"[[0, 3], [1, 5], [2, 4]]"
1,context_switching_matching,2,parameter_matched_independent,independent_marginals,4.160153791449972,0.9843549377404044,0.9843549377404044,0.98395,0.0,0.0,0.0,[],"[[0, 3], [1, 5], [2, 4]]"
1,context_switching_matching,2,natural_chain,ancestral_joint,4.162157204413627,0.9843550266987109,0.9843550266987107,0.9834,0.0,0.0,0.0,"[[0, 1], [1, 2], [2, 3]]","[[0, 3], [1, 5], [2, 4]]"
1,context_switching_matching,2,static_forest,ancestral_joint,3.7256460659477306,0.968708836384105,0.968708836384105,0.9704,0.3333333333333333,0.3333333333333333,0.3333333333333333,"[[0, 2], [0, 3], [1, 4]]","[[0, 3], [1, 5], [2, 4]]"
1,context_switching_matching,2,fixed_topology_dynamic_factors,ancestral_joint,2.77564712258014,0.9375088334891251,0.9375088334891248,0.93745,0.3333333333333333,0.3333333333333333,0.3333333333333333,"[[2, 4], [3, 5], [4, 5]]","[[0, 3], [1, 5], [2, 4]]"
1,context_switching_matching,2,dynamic_topology_fixed_factors,ancestral_joint,0.0023739794140145987,0.026631105488017927,0.00024398767813274997,0.00024999999999997247,1.0,1.0,1.0,"[[0, 3], [1, 5], [2, 4]]","[[0, 3], [1, 5], [2, 4]]"
1,context_switching_matching,2,contextual_forest,ancestral_joint,0.0028312794817352688,0.01594480845551443,0.002193516156178814,0.0023999999999999577,1.0,1.0,1.0,"[[0, 3], [1, 5], [2, 4]]","[[0, 3], [1, 5], [2, 4]]"
1,cyclic_xor,0,factorized,independent_marginals,0.6931941383486397,0.5000000816936352,0.5000000816936352,0.5038,1.0,1.0,1.0,[],[]
1,cyclic_xor,0,parameter_matched_independent,independent_marginals,0.6931941383486397,0.5000000816936352,0.5000000816936352,0.49924999999999997,1.0,1.0,1.0,[],[]
1,cyclic_xor,0,natural_chain,ancestral_joint,0.6932041115260428,0.49999034758265487,0.49999034758265487,0.50005,0.0,0.0,0.0,"[[0, 1]]",[]
1,cyclic_xor,0,static_forest,ancestral_joint,0.6932145996953509,0.499979861005786,0.49997986100578606,0.50395,0.0,0.0,0.0,"[[1, 2]]",[]
1,cyclic_xor,0,fixed_topology_dynamic_factors,ancestral_joint,0.6932145996953509,0.499979861005786,0.49997986100578606,0.5028,0.0,0.0,0.0,"[[1, 2]]",[]
1,cyclic_xor,0,dynamic_topology_fixed_factors,ancestral_joint,0.693214606240304,0.499979861025857,0.499979861025857,0.5009,0.0,0.0,0.0,"[[1, 2]]",[]
1,cyclic_xor,0,contextual_forest,ancestral_joint,0.6932145996953509,0.499979861005786,0.49997986100578606,0.50295,0.0,0.0,0.0,"[[1, 2]]",[]
2,ambiguous_pairs,0,factorized,independent_marginals,0.6932082026795737,0.4999694898710916,0.4999694898710915,0.50115,0.0,0.0,0.0,[],"[[0, 1]]"
2,ambiguous_pairs,0,parameter_matched_independent,independent_marginals,0.6932082026795737,0.4999694898710916,0.4999694898710915,0.5017,0.0,0.0,0.0,[],"[[0, 1]]"
2,ambiguous_pairs,0,natural_chain,ancestral_joint,0.00015255902481592365,0.003966316817183374,0.00012204051745179394,0.00019999999999997797,1.0,1.0,1.0,"[[0, 1]]","[[0, 1]]"
2,ambiguous_pairs,0,static_forest,ancestral_joint,0.00015255902481592365,0.003966316817183374,0.00012204051745179394,9.999999999998899e-05,1.0,1.0,1.0,"[[0, 1]]","[[0, 1]]"
2,ambiguous_pairs,0,fixed_topology_dynamic_factors,ancestral_joint,0.00015255902481592365,0.003966316817183374,0.00012204051745179394,9.999999999998899e-05,1.0,1.0,1.0,"[[0, 1]]","[[0, 1]]"
2,ambiguous_pairs,0,dynamic_topology_fixed_factors,ancestral_joint,0.00015257391961237543,0.003967270025085873,0.00012204051563402551,9.999999999998899e-05,1.0,1.0,1.0,"[[0, 1]]","[[0, 1]]"
2,ambiguous_pairs,0,contextual_forest,ancestral_joint,0.00015255902481592365,0.003966316817183374,0.00012204051745179394,0.00014999999999998348,1.0,1.0,1.0,"[[0, 1]]","[[0, 1]]"
2,markov_025,0,factorized,independent_marginals,0.4172550572935214,0.3574503206853475,0.0,0.0,0.0,0.0,0.0,[],"[[0, 1], [1, 2], [2, 3], [3, 4], [4, 5]]"
2,markov_025,0,parameter_matched_independent,independent_marginals,0.4172550572935214,0.3574503206853475,0.0,0.0,0.0,0.0,0.0,[],"[[0, 1], [1, 2], [2, 3], [3, 4], [4, 5]]"
2,markov_025,0,natural_chain,ancestral_joint,0.008279419830367075,0.05126593350327229,0.0,0.0,1.0,1.0,1.0,"[[0, 1], [1, 2], [2, 3], [3, 4], [4, 5]]","[[0, 1], [1, 2], [2, 3], [3, 4], [4, 5]]"
2,markov_025,0,static_forest,ancestral_joint,0.008279419830367075,0.05126593350327229,0.0,0.0,1.0,1.0,1.0,"[[0, 1], [1, 2], [2, 3], [3, 4], [4, 5]]","[[0, 1], [1, 2], [2, 3], [3, 4], [4, 5]]"
2,markov_025,0,fixed_topology_dynamic_factors,ancestral_joint,0.008279419830367075,0.05126593350327229,0.0,0.0,1.0,1.0,1.0,"[[0, 1], [1, 2], [2, 3], [3, 4], [4, 5]]","[[0, 1], [1, 2], [2, 3], [3, 4], [4, 5]]"
2,markov_025,0,dynamic_topology_fixed_factors,ancestral_joint,0.0033247127183788864,0.032707332044049686,0.0,0.0,1.0,1.0,1.0,"[[0, 1], [1, 2], [2, 3], [3, 4], [4, 5]]","[[0, 1], [1, 2], [2, 3], [3, 4], [4, 5]]"
2,markov_025,0,contextual_forest,ancestral_joint,0.008279419830367075,0.05126593350327229,0.0,0.0,1.0,1.0,1.0,"[[0, 1], [1, 2], [2, 3], [3, 4], [4, 5]]","[[0, 1], [1, 2], [2, 3], [3, 4], [4, 5]]"
2,markov_050,0,factorized,independent_marginals,1.5654645275552037,0.6212079699149222,0.0,0.0,0.0,0.0,0.0,[],"[[0, 1], [1, 2], [2, 3], [3, 4], [4, 5]]"
2,markov_050,0,parameter_matched_independent,independent_marginals,1.5654645275552037,0.6212079699149222,0.0,0.0,0.0,0.0,0.0,[],"[[0, 1], [1, 2], [2, 3], [3, 4], [4, 5]]"
2,markov_050,0,natural_chain,ancestral_joint,0.007268440528793038,0.04632554910934521,0.0,0.0,1.0,1.0,1.0,"[[0, 1], [1, 2], [2, 3], [3, 4], [4, 5]]","[[0, 1], [1, 2], [2, 3], [3, 4], [4, 5]]"
2,markov_050,0,static_forest,ancestral_joint,0.007268440528793038,0.04632554910934521,0.0,0.0,1.0,1.0,1.0,"[[0, 1], [1, 2], [2, 3], [3, 4], [4, 5]]","[[0, 1], [1, 2], [2, 3], [3, 4], [4, 5]]"
2,markov_050,0,fixed_topology_dynamic_factors,ancestral_joint,0.007268440528793038,0.04632554910934521,0.0,0.0,1.0,1.0,1.0,"[[0, 1], [1, 2], [2, 3], [3, 4], [4, 5]]","[[0, 1], [1, 2], [2, 3], [3, 4], [4, 5]]"
2,markov_050,0,dynamic_topology_fixed_factors,ancestral_joint,0.0019373437162024396,0.02548816337381087,0.0,0.0,1.0,1.0,1.0,"[[0, 1], [1, 2], [2, 3], [3, 4], [4, 5]]","[[0, 1], [1, 2], [2, 3], [3, 4], [4, 5]]"
2,markov_050,0,contextual_forest,ancestral_joint,0.007268440528793038,0.04632554910934521,0.0,0.0,1.0,1.0,1.0,"[[0, 1], [1, 2], [2, 3], [3, 4], [4, 5]]","[[0, 1], [1, 2], [2, 3], [3, 4], [4, 5]]"
2,markov_075,0,factorized,independent_marginals,3.490760603566238,0.8475750660459666,0.0,0.0,0.0,0.0,0.0,[],"[[0, 1], [1, 2], [2, 3], [3, 4], [4, 5]]"
2,markov_075,0,parameter_matched_independent,independent_marginals,3.490760603566238,0.8475750660459666,0.0,0.0,0.0,0.0,0.0,[],"[[0, 1], [1, 2], [2, 3], [3, 4], [4, 5]]"
2,markov_075,0,natural_chain,ancestral_joint,0.006598762179635895,0.042606110564185805,0.0,0.0,1.0,1.0,1.0,"[[0, 1], [1, 2], [2, 3], [3, 4], [4, 5]]","[[0, 1], [1, 2], [2, 3], [3, 4], [4, 5]]"
2,markov_075,0,static_forest,ancestral_joint,0.006598762179635895,0.042606110564185805,0.0,0.0,1.0,1.0,1.0,"[[0, 1], [1, 2], [2, 3], [3, 4], [4, 5]]","[[0, 1], [1, 2], [2, 3], [3, 4], [4, 5]]"
2,markov_075,0,fixed_topology_dynamic_factors,ancestral_joint,0.006598762179635895,0.042606110564185805,0.0,0.0,1.0,1.0,1.0,"[[0, 1], [1, 2], [2, 3], [3, 4], [4, 5]]","[[0, 1], [1, 2], [2, 3], [3, 4], [4, 5]]"
2,markov_075,0,dynamic_topology_fixed_factors,ancestral_joint,0.0029269691944981933,0.029119063280814594,0.0,0.0,1.0,1.0,1.0,"[[0, 1], [1, 2], [2, 3], [3, 4], [4, 5]]","[[0, 1], [1, 2], [2, 3], [3, 4], [4, 5]]"
2,markov_075,0,contextual_forest,ancestral_joint,0.006598762179635895,0.042606110564185805,0.0,0.0,1.0,1.0,1.0,"[[0, 1], [1, 2], [2, 3], [3, 4], [4, 5]]","[[0, 1], [1, 2], [2, 3], [3, 4], [4, 5]]"
2,markov_090,0,factorized,independent_marginals,5.189677485505229,0.9360385256737584,0.0,0.0,0.0,0.0,0.0,[],"[[0, 1], [1, 2], [2, 3], [3, 4], [4, 5]]"
2,markov_090,0,parameter_matched_independent,independent_marginals,5.189677485505229,0.9360385256737584,0.0,0.0,0.0,0.0,0.0,[],"[[0, 1], [1, 2], [2, 3], [3, 4], [4, 5]]"
2,markov_090,0,natural_chain,ancestral_joint,0.009839419305241449,0.038182201305585944,0.0,0.0,1.0,1.0,1.0,"[[0, 1], [1, 2], [2, 3], [3, 4], [4, 5]]","[[0, 1], [1, 2], [2, 3], [3, 4], [4, 5]]"
2,markov_090,0,static_forest,ancestral_joint,0.009839419305241449,0.038182201305585944,0.0,0.0,1.0,1.0,1.0,"[[0, 1], [1, 2], [2, 3], [3, 4], [4, 5]]","[[0, 1], [1, 2], [2, 3], [3, 4], [4, 5]]"
2,markov_090,0,fixed_topology_dynamic_factors,ancestral_joint,0.009839419305241449,0.038182201305585944,0.0,0.0,1.0,1.0,1.0,"[[0, 1], [1, 2], [2, 3], [3, 4], [4, 5]]","[[0, 1], [1, 2], [2, 3], [3, 4], [4, 5]]"
2,markov_090,0,dynamic_topology_fixed_factors,ancestral_joint,0.0019201066953549372,0.02067027190610157,0.0,0.0,1.0,1.0,1.0,"[[0, 1], [1, 2], [2, 3], [3, 4], [4, 5]]","[[0, 1], [1, 2], [2, 3], [3, 4], [4, 5]]"
2,markov_090,0,contextual_forest,ancestral_joint,0.009839419305241449,0.038182201305585944,0.0,0.0,1.0,1.0,1.0,"[[0, 1], [1, 2], [2, 3], [3, 4], [4, 5]]","[[0, 1], [1, 2], [2, 3], [3, 4], [4, 5]]"
2,context_switching_matching,0,factorized,independent_marginals,4.1620647925708685,0.984325306312087,0.9843253063120871,0.98335,0.0,0.0,0.0,[],"[[0, 1], [2, 3], [4, 5]]"
2,context_switching_matching,0,parameter_matched_independent,independent_marginals,4.1620647925708685,0.984325306312087,0.9843253063120871,0.984,0.0,0.0,0.0,[],"[[0, 1], [2, 3], [4, 5]]"
2,context_switching_matching,0,natural_chain,ancestral_joint,1.3907470221722393,0.7500774392974225,0.7500774392974224,0.75295,0.6666666666666666,0.6666666666666666,0.6666666666666666,"[[0, 1], [1, 2], [2, 3]]","[[0, 1], [2, 3], [4, 5]]"
2,context_switching_matching,0,static_forest,ancestral_joint,2.8981297868808102,0.9370119795387238,0.937011979538724,0.93965,0.6666666666666666,0.6666666666666666,0.6666666666666666,"[[0, 1], [3, 5], [4, 5]]","[[0, 1], [2, 3], [4, 5]]"
2,context_switching_matching,0,fixed_topology_dynamic_factors,ancestral_joint,2.7782271162838206,0.9372670541489532,0.937267054148953,0.93795,0.3333333333333333,0.3333333333333333,0.3333333333333333,"[[0, 1], [2, 4], [3, 5]]","[[0, 1], [2, 3], [4, 5]]"
2,context_switching_matching,0,dynamic_topology_fixed_factors,ancestral_joint,0.005628642552123933,0.04321413812932217,0.00024380306829573193,0.00014999999999998348,1.0,1.0,1.0,"[[0, 1], [2, 3], [4, 5]]","[[0, 1], [2, 3], [4, 5]]"
2,context_switching_matching,0,contextual_forest,ancestral_joint,0.0037867800421833575,0.02451692373786654,0.0021935161561788125,0.0017500000000000293,1.0,1.0,1.0,"[[0, 1], [2, 3], [4, 5]]","[[0, 1], [2, 3], [4, 5]]"
2,context_switching_matching,1,factorized,independent_marginals,4.161256204729856,0.9843380580919134,0.9843380580919134,0.984,0.0,0.0,0.0,[],"[[0, 2], [1, 4], [3, 5]]"
2,context_switching_matching,1,parameter_matched_independent,independent_marginals,4.161256204729856,0.9843380580919134,0.9843380580919134,0.98315,0.0,0.0,0.0,[],"[[0, 2], [1, 4], [3, 5]]"
2,context_switching_matching,1,natural_chain,ancestral_joint,4.164316182201599,0.9843067363305629,0.9843067363305629,0.9842,0.0,0.0,0.0,"[[0, 1], [1, 2], [2, 3]]","[[0, 2], [1, 4], [3, 5]]"
2,context_switching_matching,1,static_forest,ancestral_joint,3.731129067984706,0.9686913375066197,0.9686913375066197,0.9704,0.3333333333333333,0.3333333333333333,0.3333333333333333,"[[0, 1], [3, 5], [4, 5]]","[[0, 2], [1, 4], [3, 5]]"
2,context_switching_matching,1,fixed_topology_dynamic_factors,ancestral_joint,2.7771194091576987,0.9373266179103612,0.9373266179103611,0.9383,0.3333333333333333,0.3333333333333333,0.3333333333333333,"[[0, 1], [2, 4], [3, 5]]","[[0, 2], [1, 4], [3, 5]]"
2,context_switching_matching,1,dynamic_topology_fixed_factors,ancestral_joint,0.004960483591226764,0.03937742513720858,0.00024386445997140701,0.00024999999999997247,1.0,1.0,1.0,"[[0, 2], [1, 4], [3, 5]]","[[0, 2], [1, 4], [3, 5]]"
2,context_switching_matching,1,contextual_forest,ancestral_joint,0.0033824861216765756,0.02083872516903404,0.002193516156178815,0.0021999999999999797,1.0,1.0,1.0,"[[0, 2], [1, 4], [3, 5]]","[[0, 2], [1, 4], [3, 5]]"
2,context_switching_matching,2,factorized,independent_marginals,4.161227325835094,0.9843385461931844,0.9843385461931843,0.98335,0.0,0.0,0.0,[],"[[0, 3], [1, 5], [2, 4]]"
2,context_switching_matching,2,parameter_matched_independent,independent_marginals,4.161227325835094,0.9843385461931844,0.9843385461931843,0.98605,0.0,0.0,0.0,[],"[[0, 3], [1, 5], [2, 4]]"
2,context_switching_matching,2,natural_chain,ancestral_joint,4.164542825623805,0.9843380748934659,0.9843380748934659,0.98505,0.0,0.0,0.0,"[[0, 1], [1, 2], [2, 3]]","[[0, 3], [1, 5], [2, 4]]"
2,context_switching_matching,2,static_forest,ancestral_joint,4.558674007122228,0.979067006523286,0.979067006523286,0.97825,0.0,0.0,0.0,"[[0, 1], [3, 5], [4, 5]]","[[0, 3], [1, 5], [2, 4]]"
2,context_switching_matching,2,fixed_topology_dynamic_factors,ancestral_joint,2.7786575860800715,0.9372209249285413,0.9372209249285415,0.9404,0.3333333333333333,0.3333333333333333,0.3333333333333333,"[[0, 1], [2, 4], [3, 5]]","[[0, 3], [1, 5], [2, 4]]"
2,context_switching_matching,2,dynamic_topology_fixed_factors,ancestral_joint,0.00415728413628421,0.03724949718464818,0.00024388803773094163,0.00039999999999995595,1.0,1.0,1.0,"[[0, 3], [1, 5], [2, 4]]","[[0, 3], [1, 5], [2, 4]]"
2,context_switching_matching,2,contextual_forest,ancestral_joint,0.0033680466742956744,0.020999160131708754,0.0021935161561788133,0.0020499999999999963,1.0,1.0,1.0,"[[0, 3], [1, 5], [2, 4]]","[[0, 3], [1, 5], [2, 4]]"
2,cyclic_xor,0,factorized,independent_marginals,0.6936088313823789,0.5000002234355834,0.5000002234355835,0.50205,1.0,1.0,1.0,[],[]
2,cyclic_xor,0,parameter_matched_independent,independent_marginals,0.6936088313823789,0.5000002234355834,0.5000002234355835,0.50005,1.0,1.0,1.0,[],[]
2,cyclic_xor,0,natural_chain,ancestral_joint,0.6940389304956496,0.4995710036735492,0.4995710036735492,0.4968,0.0,0.0,0.0,"[[0, 1]]",[]
2,cyclic_xor,0,static_forest,ancestral_joint,0.6940389304956496,0.4995710036735492,0.4995710036735492,0.49195,0.0,0.0,0.0,"[[0, 1]]",[]
2,cyclic_xor,0,fixed_topology_dynamic_factors,ancestral_joint,0.6940389304956496,0.4995710036735492,0.4995710036735492,0.4979,0.0,0.0,0.0,"[[0, 1]]",[]
2,cyclic_xor,0,dynamic_topology_fixed_factors,ancestral_joint,0.6940389384079941,0.4995710037314782,0.4995710037314781,0.49770000000000003,0.0,0.0,0.0,"[[0, 1]]",[]
2,cyclic_xor,0,contextual_forest,ancestral_joint,0.6940389304956496,0.4995710036735492,0.4995710036735492,0.5015000000000001,0.0,0.0,0.0,"[[0, 1]]",[]
3,ambiguous_pairs,0,factorized,independent_marginals,0.6931474189203559,0.49999988081980895,0.49999988081980895,0.5035000000000001,0.0,0.0,0.0,[],"[[0, 1]]"
3,ambiguous_pairs,0,parameter_matched_independent,independent_marginals,0.6931474189203559,0.49999988081980895,0.49999988081980895,0.49855000000000005,0.0,0.0,0.0,[],"[[0, 1]]"
3,ambiguous_pairs,0,natural_chain,ancestral_joint,0.00012216714520696392,0.0003051012936294842,0.00012204051745179409,0.00014999999999998348,1.0,1.0,1.0,"[[0, 1]]","[[0, 1]]"
3,ambiguous_pairs,0,static_forest,ancestral_joint,0.00012216714520696392,0.0003051012936294842,0.00012204051745179409,0.00019999999999997797,1.0,1.0,1.0,"[[0, 1]]","[[0, 1]]"
3,ambiguous_pairs,0,fixed_topology_dynamic_factors,ancestral_joint,0.00012216714520696392,0.0003051012936294842,0.00012204051745179409,4.999999999999449e-05,1.0,1.0,1.0,"[[0, 1]]","[[0, 1]]"
3,ambiguous_pairs,0,dynamic_topology_fixed_factors,ancestral_joint,0.00012216720338614762,0.0003051608691775094,0.00012204051744469388,0.0,1.0,1.0,1.0,"[[0, 1]]","[[0, 1]]"
3,ambiguous_pairs,0,contextual_forest,ancestral_joint,0.00012216714520696392,0.0003051012936294842,0.00012204051745179409,4.999999999999449e-05,1.0,1.0,1.0,"[[0, 1]]","[[0, 1]]"
3,markov_025,0,factorized,independent_marginals,0.4167211888438589,0.35741228097373834,0.0,0.0,0.0,0.0,0.0,[],"[[0, 1], [1, 2], [2, 3], [3, 4], [4, 5]]"
3,markov_025,0,parameter_matched_independent,independent_marginals,0.4167211888438589,0.35741228097373834,0.0,0.0,0.0,0.0,0.0,[],"[[0, 1], [1, 2], [2, 3], [3, 4], [4, 5]]"
3,markov_025,0,natural_chain,ancestral_joint,0.005782690618769341,0.04277018701736277,0.0,0.0,1.0,1.0,1.0,"[[0, 1], [1, 2], [2, 3], [3, 4], [4, 5]]","[[0, 1], [1, 2], [2, 3], [3, 4], [4, 5]]"
3,markov_025,0,static_forest,ancestral_joint,0.005782690618769341,0.04277018701736277,0.0,0.0,1.0,1.0,1.0,"[[0, 1], [1, 2], [2, 3], [3, 4], [4, 5]]","[[0, 1], [1, 2], [2, 3], [3, 4], [4, 5]]"
3,markov_025,0,fixed_topology_dynamic_factors,ancestral_joint,0.005782690618769341,0.04277018701736277,0.0,0.0,1.0,1.0,1.0,"[[0, 1], [1, 2], [2, 3], [3, 4], [4, 5]]","[[0, 1], [1, 2], [2, 3], [3, 4], [4, 5]]"
3,markov_025,0,dynamic_topology_fixed_factors,ancestral_joint,0.002929676512969976,0.031003854815313273,0.0,0.0,1.0,1.0,1.0,"[[0, 1], [1, 2], [2, 3], [3, 4], [4, 5]]","[[0, 1], [1, 2], [2, 3], [3, 4], [4, 5]]"
3,markov_025,0,contextual_forest,ancestral_joint,0.005782690618769341,0.04277018701736277,0.0,0.0,1.0,1.0,1.0,"[[0, 1], [1, 2], [2, 3], [3, 4], [4, 5]]","[[0, 1], [1, 2], [2, 3], [3, 4], [4, 5]]"
3,markov_050,0,factorized,independent_marginals,1.5658527143565992,0.6211359861952361,0.0,0.0,0.0,0.0,0.0,[],"[[0, 1], [1, 2], [2, 3], [3, 4], [4, 5]]"
3,markov_050,0,parameter_matched_independent,independent_marginals,1.5658527143565992,0.6211359861952361,0.0,0.0,0.0,0.0,0.0,[],"[[0, 1], [1, 2], [2, 3], [3, 4], [4, 5]]"
3,markov_050,0,natural_chain,ancestral_joint,0.0067270694524339345,0.04516380028891584,0.0,0.0,1.0,1.0,1.0,"[[0, 1], [1, 2], [2, 3], [3, 4], [4, 5]]","[[0, 1], [1, 2], [2, 3], [3, 4], [4, 5]]"
3,markov_050,0,static_forest,ancestral_joint,0.0067270694524339345,0.04516380028891584,0.0,0.0,1.0,1.0,1.0,"[[0, 1], [1, 2], [2, 3], [3, 4], [4, 5]]","[[0, 1], [1, 2], [2, 3], [3, 4], [4, 5]]"
3,markov_050,0,fixed_topology_dynamic_factors,ancestral_joint,0.0067270694524339345,0.04516380028891584,0.0,0.0,1.0,1.0,1.0,"[[0, 1], [1, 2], [2, 3], [3, 4], [4, 5]]","[[0, 1], [1, 2], [2, 3], [3, 4], [4, 5]]"
3,markov_050,0,dynamic_topology_fixed_factors,ancestral_joint,0.0021996279528760402,0.026651475099351566,0.0,0.0,1.0,1.0,1.0,"[[0, 1], [1, 2], [2, 3], [3, 4], [4, 5]]","[[0, 1], [1, 2], [2, 3], [3, 4], [4, 5]]"
3,markov_050,0,contextual_forest,ancestral_joint,0.0067270694524339345,0.04516380028891584,0.0,0.0,1.0,1.0,1.0,"[[0, 1], [1, 2], [2, 3], [3, 4], [4, 5]]","[[0, 1], [1, 2], [2, 3], [3, 4], [4, 5]]"
3,markov_075,0,factorized,independent_marginals,3.490635198827871,0.8475264854492823,0.0,0.0,0.0,0.0,0.0,[],"[[0, 1], [1, 2], [2, 3], [3, 4], [4, 5]]"
3,markov_075,0,parameter_matched_independent,independent_marginals,3.490635198827871,0.8475264854492823,0.0,0.0,0.0,0.0,0.0,[],"[[0, 1], [1, 2], [2, 3], [3, 4], [4, 5]]"
3,markov_075,0,natural_chain,ancestral_joint,0.008272384842632098,0.048655813896485337,0.0,0.0,1.0,1.0,1.0,"[[0, 1], [1, 2], [2, 3], [3, 4], [4, 5]]","[[0, 1], [1, 2], [2, 3], [3, 4], [4, 5]]"
3,markov_075,0,static_forest,ancestral_joint,0.008272384842632098,0.048655813896485337,0.0,0.0,1.0,1.0,1.0,"[[0, 1], [1, 2], [2, 3], [3, 4], [4, 5]]","[[0, 1], [1, 2], [2, 3], [3, 4], [4, 5]]"
3,markov_075,0,fixed_topology_dynamic_factors,ancestral_joint,0.008272384842632098,0.048655813896485337,0.0,0.0,1.0,1.0,1.0,"[[0, 1], [1, 2], [2, 3], [3, 4], [4, 5]]","[[0, 1], [1, 2], [2, 3], [3, 4], [4, 5]]"
3,markov_075,0,dynamic_topology_fixed_factors,ancestral_joint,0.002344085633498226,0.027966572130320107,0.0,0.0,1.0,1.0,1.0,"[[0, 1], [1, 2], [2, 3], [3, 4], [4, 5]]","[[0, 1], [1, 2], [2, 3], [3, 4], [4, 5]]"
3,markov_075,0,contextual_forest,ancestral_joint,0.008272384842632098,0.048655813896485337,0.0,0.0,1.0,1.0,1.0,"[[0, 1], [1, 2], [2, 3], [3, 4], [4, 5]]","[[0, 1], [1, 2], [2, 3], [3, 4], [4, 5]]"
3,markov_090,0,factorized,independent_marginals,5.188907936483336,0.9360594145977523,0.0,0.0,0.0,0.0,0.0,[],"[[0, 1], [1, 2], [2, 3], [3, 4], [4, 5]]"
3,markov_090,0,parameter_matched_independent,independent_marginals,5.188907936483336,0.9360594145977523,0.0,0.0,0.0,0.0,0.0,[],"[[0, 1], [1, 2], [2, 3], [3, 4], [4, 5]]"
3,markov_090,0,natural_chain,ancestral_joint,0.006560337664853629,0.03591304009482436,0.0,0.0,1.0,1.0,1.0,"[[0, 1], [1, 2], [2, 3], [3, 4], [4, 5]]","[[0, 1], [1, 2], [2, 3], [3, 4], [4, 5]]"
3,markov_090,0,static_forest,ancestral_joint,0.006560337664853629,0.03591304009482436,0.0,0.0,1.0,1.0,1.0,"[[0, 1], [1, 2], [2, 3], [3, 4], [4, 5]]","[[0, 1], [1, 2], [2, 3], [3, 4], [4, 5]]"
3,markov_090,0,fixed_topology_dynamic_factors,ancestral_joint,0.006560337664853629,0.03591304009482436,0.0,0.0,1.0,1.0,1.0,"[[0, 1], [1, 2], [2, 3], [3, 4], [4, 5]]","[[0, 1], [1, 2], [2, 3], [3, 4], [4, 5]]"
3,markov_090,0,dynamic_topology_fixed_factors,ancestral_joint,0.0012861002244758703,0.01973945057408389,0.0,0.0,1.0,1.0,1.0,"[[0, 1], [1, 2], [2, 3], [3, 4], [4, 5]]","[[0, 1], [1, 2], [2, 3], [3, 4], [4, 5]]"
3,markov_090,0,contextual_forest,ancestral_joint,0.006560337664853629,0.03591304009482436,0.0,0.0,1.0,1.0,1.0,"[[0, 1], [1, 2], [2, 3], [3, 4], [4, 5]]","[[0, 1], [1, 2], [2, 3], [3, 4], [4, 5]]"
3,context_switching_matching,0,factorized,independent_marginals,4.160669649916754,0.9843473039956185,0.9843473039956184,0.98365,0.0,0.0,0.0,[],"[[0, 1], [2, 3], [4, 5]]"
3,context_switching_matching,0,parameter_matched_independent,independent_marginals,4.160669649916754,0.9843473039956185,0.9843473039956184,0.9837,0.0,0.0,0.0,[],"[[0, 1], [2, 3], [4, 5]]"
3,context_switching_matching,0,natural_chain,ancestral_joint,1.3901545386767102,0.7502656605088837,0.7502656605088835,0.7448,0.6666666666666666,0.6666666666666666,0.6666666666666666,"[[0, 1], [1, 2], [2, 3]]","[[0, 1], [2, 3], [4, 5]]"
3,context_switching_matching,0,static_forest,ancestral_joint,3.7233085701071515,0.9683987175642552,0.9683987175642552,0.96775,0.3333333333333333,0.3333333333333333,0.3333333333333333,"[[0, 1], [0, 3], [1, 5]]","[[0, 1], [2, 3], [4, 5]]"
3,context_switching_matching,0,fixed_topology_dynamic_factors,ancestral_joint,4.1653570374020354,0.9843484101101707,0.9843484101101706,0.9835,0.0,0.0,0.0,"[[0, 2], [1, 4], [2, 4]]","[[0, 1], [2, 3], [4, 5]]"
3,context_switching_matching,0,dynamic_topology_fixed_factors,ancestral_joint,0.0035327842933894626,0.03269736704818675,0.00024391657087969185,0.00024999999999997247,1.0,1.0,1.0,"[[0, 1], [2, 3], [4, 5]]","[[0, 1], [2, 3], [4, 5]]"
3,context_switching_matching,0,contextual_forest,ancestral_joint,0.0030892087151253023,0.018091080553278585,0.0021935161561788138,0.0022999999999999687,1.0,1.0,1.0,"[[0, 1], [2, 3], [4, 5]]","[[0, 1], [2, 3], [4, 5]]"
3,context_switching_matching,1,factorized,independent_marginals,4.160933157322627,0.9843426295674603,0.9843426295674603,0.9851,0.0,0.0,0.0,[],"[[0, 2], [1, 4], [3, 5]]"
3,context_switching_matching,1,parameter_matched_independent,independent_marginals,4.160933157322627,0.9843426295674603,0.9843426295674603,0.98565,0.0,0.0,0.0,[],"[[0, 2], [1, 4], [3, 5]]"
3,context_switching_matching,1,natural_chain,ancestral_joint,4.1649526075516,0.9842930762682611,0.9842930762682611,0.984,0.0,0.0,0.0,"[[0, 1], [1, 2], [2, 3]]","[[0, 2], [1, 4], [3, 5]]"
3,context_switching_matching,1,static_forest,ancestral_joint,4.565152343506167,0.9825595572672932,0.9825595572672932,0.98135,0.0,0.0,0.0,"[[0, 1], [0, 3], [1, 5]]","[[0, 2], [1, 4], [3, 5]]"
3,context_switching_matching,1,fixed_topology_dynamic_factors,ancestral_joint,1.3907218417451062,0.7501961780521116,0.7501961780521116,0.7456,0.6666666666666666,0.6666666666666666,0.6666666666666666,"[[0, 2], [1, 4], [2, 4]]","[[0, 2], [1, 4], [3, 5]]"
3,context_switching_matching,1,dynamic_topology_fixed_factors,ancestral_joint,0.0040808934129947655,0.03622418881508199,0.0002438855357821683,0.00034999999999996145,1.0,1.0,1.0,"[[0, 2], [1, 4], [3, 5]]","[[0, 2], [1, 4], [3, 5]]"
3,context_switching_matching,1,contextual_forest,ancestral_joint,0.0032209624180620927,0.01971639049962997,0.0021935161561788116,0.0020499999999999963,1.0,1.0,1.0,"[[0, 2], [1, 4], [3, 5]]","[[0, 2], [1, 4], [3, 5]]"
3,context_switching_matching,2,factorized,independent_marginals,4.162399516577288,0.984321639947245,0.9843216399472449,0.9835,0.0,0.0,0.0,[],"[[0, 3], [1, 5], [2, 4]]"
3,context_switching_matching,2,parameter_matched_independent,independent_marginals,4.162399516577288,0.984321639947245,0.9843216399472449,0.9857,0.0,0.0,0.0,[],"[[0, 3], [1, 5], [2, 4]]"
3,context_switching_matching,2,natural_chain,ancestral_joint,4.166920531475068,0.9843228031565164,0.9843228031565164,0.9838,0.0,0.0,0.0,"[[0, 1], [1, 2], [2, 3]]","[[0, 3], [1, 5], [2, 4]]"
3,context_switching_matching,2,static_forest,ancestral_joint,2.899932899411739,0.9367757997819829,0.9367757997819828,0.93715,0.6666666666666666,0.6666666666666666,0.6666666666666666,"[[0, 1], [0, 3], [1, 5]]","[[0, 3], [1, 5], [2, 4]]"
3,context_switching_matching,2,fixed_topology_dynamic_factors,ancestral_joint,2.7799958525990762,0.9373548092983593,0.9373548092983593,0.93665,0.3333333333333333,0.3333333333333333,0.3333333333333333,"[[0, 2], [1, 4], [2, 4]]","[[0, 3], [1, 5], [2, 4]]"
3,context_switching_matching,2,dynamic_topology_fixed_factors,ancestral_joint,0.007230789966718595,0.0471861951143882,0.00024373097466435088,0.00019999999999997797,1.0,1.0,1.0,"[[0, 3], [1, 5], [2, 4]]","[[0, 3], [1, 5], [2, 4]]"
3,context_switching_matching,2,contextual_forest,ancestral_joint,0.003954142045392545,0.02478966007163086,0.0021935161561788125,0.0012999999999999678,1.0,1.0,1.0,"[[0, 3], [1, 5], [2, 4]]","[[0, 3], [1, 5], [2, 4]]"
3,cyclic_xor,0,factorized,independent_marginals,0.6934315852054838,0.5000000691253836,0.5000000691253836,0.49824999999999997,1.0,1.0,1.0,[],[]
3,cyclic_xor,0,parameter_matched_independent,independent_marginals,0.6934315852054838,0.5000000691253836,0.5000000691253836,0.49575,1.0,1.0,1.0,[],[]
3,cyclic_xor,0,natural_chain,ancestral_joint,0.6935617171111883,0.4998702286112485,0.4998702286112486,0.5041,0.0,0.0,0.0,"[[0, 1]]",[]
3,cyclic_xor,0,static_forest,ancestral_joint,0.6935863944251377,0.4998455613224777,0.4998455613224777,0.4991,0.0,0.0,0.0,"[[0, 2]]",[]
3,cyclic_xor,0,fixed_topology_dynamic_factors,ancestral_joint,0.6935863944251377,0.4998455613224777,0.4998455613224777,0.49565000000000003,0.0,0.0,0.0,"[[0, 2]]",[]
3,cyclic_xor,0,dynamic_topology_fixed_factors,ancestral_joint,0.6935864261391149,0.4998455613442486,0.4998455613442486,0.50385,0.0,0.0,0.0,"[[0, 2]]",[]
3,cyclic_xor,0,contextual_forest,ancestral_joint,0.6935863944251377,0.4998455613224777,0.4998455613224777,0.5004500000000001,0.0,0.0,0.0,"[[0, 2]]",[]
